team,wins,losses,ties,points_for,points_against
Buffalo Bills,1,0,0,36,31
Miami Dolphins,0,1,0,13,27
New York Jets,1,0,0,23,10
New England Patriots,0,1,0,10,13
Baltimore Ravens,1,0,0,41,23
Cincinnati Bengals,1,0,0,33,27
Cleveland Browns,0,1,0,10,34
Pittsburgh Steelers,1,0,0,20,13
Houston Texans,0,1,0,31,36
Indianapolis Colts,0,1,0,23,41
Jacksonville Jaguars,1,0,0,34,10
Tennessee Titans,0,1,0,10,23
Denver Broncos,0,1,0,14,16
Kansas City Chiefs,1,0,0,16,14
Las Vegas Raiders,1,0,0,27,13
Los Angeles Chargers,0,1,0,14,26
Dallas Cowboys,0,1,0,20,28
New York Giants,1,0,0,28,20
Philadelphia Eagles,1,0,0,24,22
Washington Commanders,0,1,0,22,24
Chicago Bears,1,0,0,59,37
Detroit Lions,1,0,0,31,30
Green Bay Packers,0,1,0,22,39
Minnesota Vikings,1,0,0,39,22
Atlanta Falcons,0,1,0,13,20
Carolina Panthers,0,1,0,37,59
New Orleans Saints,0,1,0,30,31
Tampa Bay Buccaneers,0,1,0,27,33
Arizona Cardinals,1,0,0,26,14
Los Angeles Rams,0,1,0,7,27
San Francisco 49ers,1,0,0,27,7
Seattle Seahawks,1,0,0,13,10
